Item,Link 
Skip to content, #start-of-content 
, https://github.com/ 
Sign up, /join?source=header 
Features →, /features 
Code review, /features/code-review/ 
Project management, /features/project-management/ 
Integrations, /features/integrations 
Actions, /features/actions 
Packages, /features/packages 
Security, /features/security 
Team management, /features#team-management 
Hosting, /features#hosting 
Customer stories →, /customer-stories 
Security →, /security 
Enterprise, /enterprise 
Explore GitHub →, /explore 
Topics, /topics 
Collections, /collections 
Trending, /trending 
Learning Lab, https://lab.github.com/ 
Open source guides, https://opensource.guide 
Events, https://github.com/events 
Community forum, https://github.community 
GitHub Education, https://education.github.com 
Marketplace, /marketplace 
Plans →, /pricing 
Compare plans, /pricing#feature-comparison 
Contact Sales, https://enterprise.github.com/contact 
Nonprofit →, /nonprofit 
Education →, https://education.github.com 
In this userAll GitHub↵Jump to↵,  
In this userAll GitHub↵Jump to↵,  
In this userAll GitHub↵Jump to↵,  
Sign in, /login?return_to=%2Fjeyk333 
Sign up, /join?source=header 
Sign up, /join?source=prompt-users-profile 
Follow, /login?return_to=%2Fjeyk333 
, https://avatars2.githubusercontent.com/u/54062741?s=400&v=4 
blocking users, https://help.github.com/en/articles/blocking-a-user-from-your-personal-account 
reporting abuse, https://help.github.com/en/articles/reporting-abuse-or-spam 
Report abuse
, /contact/report-abuse?report=jeyk333+%28user%29 
blocking users, https://help.github.com/en/articles/blocking-a-user-from-your-personal-account 
reporting abuse, https://help.github.com/en/articles/reporting-abuse-or-spam 
Report abuse
, /contact/report-abuse?report=jeyk333+%28user%29 
Overview
, /jeyk333 
Repositories4, /jeyk333?tab=repositories 
Projects0, /jeyk333?tab=projects 
Stars0, /jeyk333?tab=stars 
Followers0, /jeyk333?tab=followers 
Following0, /jeyk333?tab=following 
React-CRUD-using-Material-Ui, /jeyk333/React-CRUD-using-Material-Ui 
React-Chatbot, /jeyk333/React-Chatbot 
1, /jeyk333/React-Chatbot/network/members 
JavaScriptAlgorithms, /jeyk333/JavaScriptAlgorithms 
vJechsmayr/JavaScriptAlgorithms, /vJechsmayr/JavaScriptAlgorithms 
url-shortner-service, /jeyk333/url-shortner-service 
Learn how we count contributions, https://help.github.com/articles/why-are-my-contributions-not-showing-up-on-my-profile 
2020, /jeyk333?tab=overview&from=2020-03-01&to=2020-03-07 
2019, /jeyk333?tab=overview&from=2019-12-01&to=2019-12-31 
jeyk333/React-Chatbot, /jeyk333/React-Chatbot 
5 commits
, /jeyk333/React-Chatbot/commits?author=jeyk333&since=2020-03-01&until=2020-03-08 
Improved UI
, /jeyk333/React-Chatbot/pull/5 
GitHub profile guide, https://help.github.com/categories/setting-up-and-managing-your-github-profile 
Terms, https://github.com/site/terms 
Privacy, https://github.com/site/privacy 
Security, https://github.com/security 
Status, https://githubstatus.com/ 
Help, https://help.github.com 
, https://github.com 
Contact GitHub, https://github.com/contact 
Pricing, https://github.com/pricing 
API, https://developer.github.com 
Training, https://training.github.com 
Blog, https://github.blog 
About, https://github.com/about 
Reload,  
Reload,  
